[
  {
    "doctor": "Dr Silvio Espinola",
    "especialidad": "Alergista",
    "sala": 122,
    "lunes": "08:00-10:30 hs",
    "martes": "-------",
    "miercoles": "-------",
    "jueves": "-------",
    "viernes": "-------",
    "sabado": "-------"
  },
  {
    "doctor": "Dr Carlos Palacios",
    "especialidad": "Alergista Adulto",
    "sala": 122,
    "lunes": "-------",
    "martes": "07:00-10:30 hs",
    "miercoles": "07:00-10:30 hs",
    "jueves": "-------",
    "viernes": "-------",
    "sabado": "-------"
  },
  {
    "doctor": "Dra Cynthia Perez",
    "especialidad": "Alergista Infantil",
    "sala": 122,
    "lunes": "-------",
    "martes": "-------",
    "miercoles": "-------",
    "jueves": "08:30-11:30 hs",
    "viernes": "-------",
    "sabado": "-------"
  },
  {
    "doctor": "Dra Anahi Zarza",
    "especialidad": "Cardiologa Infantil",
    "sala": 111,
    "lunes": "-------",
    "martes": "08:00-10:00 hs",
    "miercoles": "-------",
    "jueves": "-------",
    "viernes": "08:00-10:00 hs",
    "sabado": "-------"
  },
  {
    "doctor": "Dr Alberto Rios",
    "especialidad": "Cardiologia",
    "sala": 116,
    "lunes": "08:00-11:00 hs",
    "martes": "-------",
    "miercoles": "08:00-11:00 hs",
    "jueves": "08:00-11:00 hs",
    "viernes": "08:00-11:00 hs",
    "sabado": "-------"
  },
  {
    "doctor": "Dr Pedro Leon",
    "especialidad": "Cardiologia",
    "sala": 150,
    "lunes": "-------",
    "martes": "-------",
    "miercoles": "-------",
    "jueves": "-------",
    "viernes": "-------",
    "sabado": "07:30-11:30 hs"
  },
  {
    "doctor": "Dra Dahiana Correa",
    "especialidad": "Cardiologia",
    "sala": 115,
    "lunes": "07:30-10:30 hs",
    "martes": "-------",
    "miercoles": "14:00-17:00 hs",
    "jueves": "14:00-17:00 hs",
    "viernes": "14:00-17:00 hs",
    "sabado": "-------"
  },
  {
    "doctor": "Dra Gladys Fariña",
    "especialidad": "Cardiologia",
    "sala": 123,
    "lunes": "-------",
    "martes": "08:00-13:30 hs",
    "miercoles": "-------",
    "jueves": "08:00-11:00 hs",
    "viernes": "-------",
    "sabado": "-------"
  },
  {
    "doctor": "Dr Andres Herebia",
    "especialidad": "Cirugia",
    "sala": 119,
    "lunes": "-------",
    "martes": "-------",
    "miercoles": "07:00-12:00 hs",
    "jueves": "-------",
    "viernes": "-------",
    "sabado": "-------"
  },
  {
    "doctor": "Dr David Oviedo",
    "especialidad": "Cirugia",
    "sala": 117,
    "lunes": "-------",
    "martes": "-------",
    "miercoles": "-------",
    "jueves": "-------",
    "viernes": "-------",
    "sabado": "08:00-12:00 hs"
  },
  {
    "doctor": "Dr Gustavo Roa",
    "especialidad": "Cirugia",
    "sala": 118,
    "lunes": "-------",
    "martes": "13:00-14:00 hs",
    "miercoles": "-------",
    "jueves": "-------",
    "viernes": "-------",
    "sabado": "-------"
  },
  {
    "doctor": "Dr Ursulino Fernandez",
    "especialidad": "Cirugia",
    "sala": 118,
    "lunes": "-------",
    "martes": "-------",
    "miercoles": "07:00-12:00 hs",
    "jueves": "-------",
    "viernes": "-------",
    "sabado": "-------"
  },
  {
    "doctor": "Dra Mirtha Galeano",
    "especialidad": "Cirugia",
    "sala": 119,
    "lunes": "-------",
    "martes": "-------",
    "miercoles": "-------",
    "jueves": "-------",
    "viernes": "07:30-09:30 hs",
    "sabado": "-------"
  },
  {
    "doctor": "Dra Veronica Mendez",
    "especialidad": "Cirugia",
    "sala": 117,
    "lunes": "-------",
    "martes": "-------",
    "miercoles": "13:00-15:00 hs",
    "jueves": "-------",
    "viernes": "-------",
    "sabado": "-------"
  },
  {
    "doctor": "Dra Martha Osorio",
    "especialidad": "Cirugia Cabeza Y Cuello",
    "sala": 118,
    "lunes": "-------",
    "martes": "-------",
    "miercoles": "13:00-15:40 hs",
    "jueves": "-------",
    "viernes": "-------",
    "sabado": "-------"
  },
  {
    "doctor": "Dr Roman Andrusievich",
    "especialidad": "Cirugia General",
    "sala": 119,
    "lunes": "-------",
    "martes": "09:00-11:00 hs",
    "miercoles": "-------",
    "jueves": "10:00-11:00 hs",
    "viernes": "-------",
    "sabado": "-------"
  },
  {
    "doctor": "Dr Vladimir Franco",
    "especialidad": "Cirugia General",
    "sala": 118,
    "lunes": "07:00-12:00 hs",
    "martes": "07:00-09:00 hs",
    "miercoles": "-------",
    "jueves": "-------",
    "viernes": "-------",
    "sabado": "-------"
  },
  {
    "doctor": "Dr Carlos Schaerer",
    "especialidad": "Cirugia Infantil",
    "sala": 111,
    "lunes": "-------",
    "martes": "-------",
    "miercoles": "-------",
    "jueves": "07:00-09:00 hs",
    "viernes": "-------",
    "sabado": "-------"
  },
  {
    "doctor": "Dr Pablo Berra",
    "especialidad": "Cirugia Plastica",
    "sala": 115,
    "lunes": "14:00-17:00 hs",
    "martes": "-------",
    "miercoles": "-------",
    "jueves": "-------",
    "viernes": "14:00-15:00 hs",
    "sabado": "-------"
  },
  {
    "doctor": "Dr Arsenio Cubas",
    "especialidad": "Clinica General",
    "sala": 127,
    "lunes": "08:00\n14:00-12:00\n18:00 hs",
    "martes": "08:00\n14:00-12:00\n17:30 hs",
    "miercoles": "-------",
    "jueves": "-------",
    "viernes": "08:00 \n14:00-12:00\n17:00 hs",
    "sabado": "-------"
  },
  {
    "doctor": "Dr Fernando Came",
    "especialidad": "Clinica Medica",
    "sala": 148,
    "lunes": "-------",
    "martes": "13:00-17:00 hs",
    "miercoles": "-------",
    "jueves": "13:00-17:00 hs",
    "viernes": "-------",
    "sabado": "-------"
  },
  {
    "doctor": "Dr Nelson Ayala",
    "especialidad": "Clinica Medica",
    "sala": 126,
    "lunes": "13:00-17:00 hs",
    "martes": "-------",
    "miercoles": "13:10-17:00 hs",
    "jueves": "-------",
    "viernes": "13:00-17:30 hs",
    "sabado": "07:00-12:00 hs"
  },
  {
    "doctor": "Dr Roberto Rolon Lara",
    "especialidad": "Clinica Medica",
    "sala": 126,
    "lunes": "-------",
    "martes": "-------",
    "miercoles": "-------",
    "jueves": "-------",
    "viernes": "-------",
    "sabado": "07:00-10:00 hs"
  },
  {
    "doctor": "Dra Fatima Estigarribia",
    "especialidad": "Clinica Medica",
    "sala": 127,
    "lunes": "-------",
    "martes": "-------",
    "miercoles": "13:30-17:00 hs",
    "jueves": "-------",
    "viernes": "-------",
    "sabado": "-------"
  },
  {
    "doctor": "Dra Gladys Estigarribia",
    "especialidad": "Clinica Medica",
    "sala": 125,
    "lunes": "-------",
    "martes": "-------",
    "miercoles": "07:00-11:00 hs",
    "jueves": "07:00-11:00 hs",
    "viernes": "07:00-11:00 hs",
    "sabado": "-------"
  },
  {
    "doctor": "Dra Karina Caballero",
    "especialidad": "Clinica Medica",
    "sala": 125,
    "lunes": "-------",
    "martes": "07:00\n13:00-11:00\n17:00 hs",
    "miercoles": "07:00\n13:00-11:00\n17:00 hs",
    "jueves": "07:00\n13:00-12:00\n17:00 hs",
    "viernes": "-------",
    "sabado": "-------"
  },
  {
    "doctor": "Dra Lilian De Robalo",
    "especialidad": "Clinica Medica",
    "sala": 103,
    "lunes": "-------",
    "martes": "-------",
    "miercoles": "07:00-11:00 hs",
    "jueves": "-------",
    "viernes": "-------",
    "sabado": "-------"
  },
  {
    "doctor": "Dra Maria Santacruz",
    "especialidad": "Clinica Medica",
    "sala": 123,
    "lunes": "-------",
    "martes": "-------",
    "miercoles": "-------",
    "jueves": "-------",
    "viernes": "07:30-11:00 hs",
    "sabado": "-------"
  },
  {
    "doctor": "Dra Mirtha Caceres",
    "especialidad": "Clinica Medica",
    "sala": 125,
    "lunes": "-------",
    "martes": "-------",
    "miercoles": "-------",
    "jueves": "08:00-12:00 hs",
    "viernes": "08:00-11:00 hs",
    "sabado": "-------"
  },
  {
    "doctor": "Dr Aldo Martinez",
    "especialidad": "Coloproctologia",
    "sala": 118,
    "lunes": "-------",
    "martes": "-------",
    "miercoles": "-------",
    "jueves": "-------",
    "viernes": "07:00-11:30 hs",
    "sabado": "-------"
  },
  {
    "doctor": "Dr Gustavo Corvalan",
    "especialidad": "Coloproctologia",
    "sala": 118,
    "lunes": "-------",
    "martes": "07:00-11:30 hs",
    "miercoles": "-------",
    "jueves": "-------",
    "viernes": "-------",
    "sabado": "-------"
  },
  {
    "doctor": "Dr Luis Ramirez",
    "especialidad": "Coloproctologia",
    "sala": 118,
    "lunes": "-------",
    "martes": "14:00-17:00 hs",
    "miercoles": "-------",
    "jueves": "-------",
    "viernes": "-------",
    "sabado": "-------"
  },
  {
    "doctor": "Dr Victor Medina",
    "especialidad": "Coloproctologia",
    "sala": 119,
    "lunes": "-------",
    "martes": "-------",
    "miercoles": "-------",
    "jueves": "09:00-10:00 hs",
    "viernes": "-------",
    "sabado": "-------"
  },
  {
    "doctor": "Dra Martha Acha",
    "especialidad": "Coloproctologia",
    "sala": 118,
    "lunes": "14:00-17:30 hs",
    "martes": "-------",
    "miercoles": "-------",
    "jueves": "-------",
    "viernes": "-------",
    "sabado": "-------"
  },
  {
    "doctor": "Dra Liza Salgueiro",
    "especialidad": "Dermatologia",
    "sala": 115,
    "lunes": "-------",
    "martes": "-------",
    "miercoles": "-------",
    "jueves": "07:00-11:30 hs",
    "viernes": "-------",
    "sabado": "-------"
  },
  {
    "doctor": "Dra Maria Centurion",
    "especialidad": "Dermatologia",
    "sala": 123,
    "lunes": "08:00-11:00 hs",
    "martes": "-------",
    "miercoles": "-------",
    "jueves": "-------",
    "viernes": "-------",
    "sabado": "-------"
  },
  {
    "doctor": "Dra Romina Acosta",
    "especialidad": "Dermatologia",
    "sala": 115,
    "lunes": "-------",
    "martes": "-------",
    "miercoles": "07:00-11:30 hs",
    "jueves": "-------",
    "viernes": "-------",
    "sabado": "-------"
  },
  {
    "doctor": "Dra Geraldine Romero",
    "especialidad": "Diabetologia",
    "sala": 102,
    "lunes": "-------",
    "martes": "-------",
    "miercoles": "-------",
    "jueves": "-------",
    "viernes": "14:00-17:00 hs",
    "sabado": "-------"
  },
  {
    "doctor": "Dra Tatiana Roy",
    "especialidad": "Diabetologia",
    "sala": 102,
    "lunes": "-------",
    "martes": "-------",
    "miercoles": "08:10-10:30 hs",
    "jueves": "-------",
    "viernes": "-------",
    "sabado": "-------"
  },
  {
    "doctor": "Dr Felipe Gavilan",
    "especialidad": "Ecodopler",
    "sala": 117,
    "lunes": "-------",
    "martes": "-------",
    "miercoles": "-------",
    "jueves": "-------",
    "viernes": "07:00-10:20 hs",
    "sabado": "-------"
  },
  {
    "doctor": "Dr Roque Rodriguez",
    "especialidad": "Endocrinologia",
    "sala": 102,
    "lunes": "14:00-18:00 hs",
    "martes": "-------",
    "miercoles": "-------",
    "jueves": "-------",
    "viernes": "-------",
    "sabado": "-------"
  },
  {
    "doctor": "Dra Clara Escurra",
    "especialidad": "Endocrinologia",
    "sala": 152,
    "lunes": "-------",
    "martes": "-------",
    "miercoles": "07:00-12:00 hs",
    "jueves": "16:00-19:00 hs",
    "viernes": "14:00-17:00 hs",
    "sabado": "-------"
  },
  {
    "doctor": "Dra Michelle Benitez",
    "especialidad": "Endocrinologia Infantil",
    "sala": 112,
    "lunes": "-------",
    "martes": "-------",
    "miercoles": "-------",
    "jueves": "14:00-17:00 hs",
    "viernes": "-------",
    "sabado": "-------"
  },
  {
    "doctor": "Lic Silvia Sanchez",
    "especialidad": "Estimulacion Temprana",
    "sala": "2do piso F",
    "lunes": "13:30-15:30 hs",
    "martes": "13:00-17:00 hs",
    "miercoles": "13:30-15:30 hs",
    "jueves": "-------",
    "viernes": "-------",
    "sabado": "-------"
  },
  {
    "doctor": "Lic Claudia Florentin",
    "especialidad": "Estimulacion Temprana",
    "sala": "2do piso F",
    "lunes": "07:00-11:00 hs",
    "martes": "07:00-11:00 hs",
    "miercoles": "07:00-11:00 hs",
    "jueves": "07:00-11:00 hs",
    "viernes": "-------",
    "sabado": "-------"
  },
  {
    "doctor": "Dr Felipe Gavilan",
    "especialidad": "Flebologia",
    "sala": 117,
    "lunes": "-------",
    "martes": "-------",
    "miercoles": "-------",
    "jueves": "-------",
    "viernes": "10:30-10:30 hs",
    "sabado": "-------"
  },
  {
    "doctor": "Dra Mirtha Allende",
    "especialidad": "Flebologia",
    "sala": 149,
    "lunes": "-------",
    "martes": "-------",
    "miercoles": "13:00-15:00 hs",
    "jueves": "-------",
    "viernes": "-------",
    "sabado": "-------"
  },
  {
    "doctor": "Dr Ibrahim El Ibrahim",
    "especialidad": "Gastroenterologia",
    "sala": 103,
    "lunes": "-------",
    "martes": "-------",
    "miercoles": "-------",
    "jueves": "-------",
    "viernes": "-------",
    "sabado": "07:30-09:45 hs"
  },
  {
    "doctor": "Dr Jose Peña",
    "especialidad": "Gastroenterologia",
    "sala": 103,
    "lunes": "14:00-15:30 hs",
    "martes": "-------",
    "miercoles": "-------",
    "jueves": "-------",
    "viernes": "-------",
    "sabado": "-------"
  },
  {
    "doctor": "Dr Justo Gonzalez",
    "especialidad": "Gastroenterologia",
    "sala": 116,
    "lunes": "-------",
    "martes": "07:00-11:00 hs",
    "miercoles": "-------",
    "jueves": "-------",
    "viernes": "-------",
    "sabado": "-------"
  },
  {
    "doctor": "Dr Modesto Avalos",
    "especialidad": "Gastroenterologia",
    "sala": 148,
    "lunes": "-------",
    "martes": "-------",
    "miercoles": "-------",
    "jueves": "10:00-12:00 hs",
    "viernes": "-------",
    "sabado": "-------"
  },
  {
    "doctor": "Dr Rodrigo Perez",
    "especialidad": "Gastroenterologia",
    "sala": 123,
    "lunes": "-------",
    "martes": "-------",
    "miercoles": "07:00-09:00 hs",
    "jueves": "-------",
    "viernes": "-------",
    "sabado": "-------"
  },
  {
    "doctor": "Dra Karin Vleck Vera",
    "especialidad": "Gastroenterologia",
    "sala": 149,
    "lunes": "-------",
    "martes": "-------",
    "miercoles": "10:45-12:45 hs",
    "jueves": "-------",
    "viernes": "-------",
    "sabado": "-------"
  },
  {
    "doctor": "Dra Paola Palacios",
    "especialidad": "Geriatria",
    "sala": 123,
    "lunes": "-------",
    "martes": "-------",
    "miercoles": "-------",
    "jueves": "-------",
    "viernes": "-------",
    "sabado": "07:00-12:00 hs"
  },
  {
    "doctor": "Dr Carlos Diaz",
    "especialidad": "Ginecologia",
    "sala": 104,
    "lunes": "-------",
    "martes": "-------",
    "miercoles": "-------",
    "jueves": "-------",
    "viernes": "14:30-17:00 hs",
    "sabado": "08:00-10:00 hs"
  },
  {
    "doctor": "Dr Enrique Britez",
    "especialidad": "Ginecologia",
    "sala": 104,
    "lunes": "07:00-11:00 hs",
    "martes": "-------",
    "miercoles": "-------",
    "jueves": "-------",
    "viernes": "-------",
    "sabado": "-------"
  },
  {
    "doctor": "Dr Karina Dominguez",
    "especialidad": "Ginecologia",
    "sala": 105,
    "lunes": "-------",
    "martes": "-------",
    "miercoles": "-------",
    "jueves": "-------",
    "viernes": "-------",
    "sabado": "08:00-11:00 hs"
  },
  {
    "doctor": "Dr Leopoldo Bazan",
    "especialidad": "Ginecologia",
    "sala": 105,
    "lunes": "-------",
    "martes": "-------",
    "miercoles": "-------",
    "jueves": "07:00-11:00 hs",
    "viernes": "-------",
    "sabado": "-------"
  },
  {
    "doctor": "Dr Luis Morra",
    "especialidad": "Ginecologia",
    "sala": 104,
    "lunes": "-------",
    "martes": "-------",
    "miercoles": "08:00-11:30 hs",
    "jueves": "-------",
    "viernes": "08:00-11:30 hs",
    "sabado": "-------"
  },
  {
    "doctor": "Dr Marcelo Obelar",
    "especialidad": "Ginecologia",
    "sala": 125,
    "lunes": "-------",
    "martes": "-------",
    "miercoles": "-------",
    "jueves": "-------",
    "viernes": "08:00-11:00 hs",
    "sabado": "-------"
  },
  {
    "doctor": "Dr Norberto Strubing",
    "especialidad": "Ginecologia",
    "sala": 105,
    "lunes": "-------",
    "martes": "07:00-10:30 hs",
    "miercoles": "-------",
    "jueves": "-------",
    "viernes": "-------",
    "sabado": "-------"
  },
  {
    "doctor": "Dr Ramon Porfirio Parri",
    "especialidad": "Ginecologia",
    "sala": 105,
    "lunes": "07:00-11:00 hs",
    "martes": "-------",
    "miercoles": "07:00-11:00 hs",
    "jueves": "-------",
    "viernes": "-------",
    "sabado": "-------"
  },
  {
    "doctor": "Dr Vicente Baruja",
    "especialidad": "Ginecologia",
    "sala": 107,
    "lunes": "13:00-15:00 hs",
    "martes": "07:00-10:30 hs",
    "miercoles": "11:00-12:40 hs",
    "jueves": "07:00-10:30 hs",
    "viernes": "07:00-10:30 hs",
    "sabado": "-------"
  },
  {
    "doctor": "Dra Blanca Delgado",
    "especialidad": "Ginecologia",
    "sala": 104,
    "lunes": "-------",
    "martes": "07:00-11:00 hs",
    "miercoles": "-------",
    "jueves": "-------",
    "viernes": "-------",
    "sabado": "-------"
  },
  {
    "doctor": "Dra Karen Franco",
    "especialidad": "Ginecologia",
    "sala": 105,
    "lunes": "14:00-16:00 hs",
    "martes": "-------",
    "miercoles": "-------",
    "jueves": "-------",
    "viernes": "-------",
    "sabado": "-------"
  },
  {
    "doctor": "Dra Karina Dominguez",
    "especialidad": "Ginecologia",
    "sala": 105,
    "lunes": "-------",
    "martes": "-------",
    "miercoles": "14:00-17:00 hs",
    "jueves": "-------",
    "viernes": "-------",
    "sabado": "-------"
  },
  {
    "doctor": "Dra Lilian Villamayor",
    "especialidad": "Ginecologia",
    "sala": 115,
    "lunes": "-------",
    "martes": "-------",
    "miercoles": "-------",
    "jueves": "-------",
    "viernes": "-------",
    "sabado": "07:00-11:00 hs"
  },
  {
    "doctor": "Dra Luisa Boy",
    "especialidad": "Ginecologia",
    "sala": 104,
    "lunes": "-------",
    "martes": "-------",
    "miercoles": "-------",
    "jueves": "07:00-10:30 hs",
    "viernes": "-------",
    "sabado": "-------"
  },
  {
    "doctor": "Dra Solange Sanguines",
    "especialidad": "Ginecologia",
    "sala": 105,
    "lunes": "-------",
    "martes": "14:00-16:00 hs",
    "miercoles": "-------",
    "jueves": "-------",
    "viernes": "-------",
    "sabado": "-------"
  },
  {
    "doctor": "Dra Sonia Rios",
    "especialidad": "Ginecologia",
    "sala": 104,
    "lunes": "13:00-17:00 hs",
    "martes": "-------",
    "miercoles": "-------",
    "jueves": "-------",
    "viernes": "08:00-11:00 hs",
    "sabado": "-------"
  },
  {
    "doctor": "Dra Yanina Andino",
    "especialidad": "Ginecologia",
    "sala": 104,
    "lunes": "-------",
    "martes": "14:00-16:30 hs",
    "miercoles": "-------",
    "jueves": "14:00-16:30 hs",
    "viernes": "-------",
    "sabado": "-------"
  },
  {
    "doctor": "Dr Alfredo Boccia",
    "especialidad": "Hematologia",
    "sala": 127,
    "lunes": "-------",
    "martes": "-------",
    "miercoles": "08:30-10:30 hs",
    "jueves": "-------",
    "viernes": "-------",
    "sabado": "-------"
  },
  {
    "doctor": "Dr Javier Villar",
    "especialidad": "Infectologia",
    "sala": 117,
    "lunes": "-------",
    "martes": "-------",
    "miercoles": "-------",
    "jueves": "-------",
    "viernes": "13:00-15:00 hs",
    "sabado": "-------"
  },
  {
    "doctor": "Dra Amanda Guerrero",
    "especialidad": "Infectologia",
    "sala": 118,
    "lunes": "-------",
    "martes": "-------",
    "miercoles": "09:00-11:00 hs",
    "jueves": "-------",
    "viernes": "-------",
    "sabado": "-------"
  },
  {
    "doctor": "Dra Maria Jose Sanchez",
    "especialidad": "Infectologia Pediatrica",
    "sala": 111,
    "lunes": "-------",
    "martes": "-------",
    "miercoles": "14:30-17:00 hs",
    "jueves": "-------",
    "viernes": "-------",
    "sabado": "-------"
  },
  {
    "doctor": "Dra Laura Ramirez",
    "especialidad": "Mastologia",
    "sala": 119,
    "lunes": "08:00-11:00 hs",
    "martes": "-------",
    "miercoles": "-------",
    "jueves": "-------",
    "viernes": "-------",
    "sabado": "-------"
  },
  {
    "doctor": "Dr Robert Marengo",
    "especialidad": "Mastologia",
    "sala": 117,
    "lunes": "-------",
    "martes": "07:20-11:30 hs",
    "miercoles": "-------",
    "jueves": "07:20-11:30 hs",
    "viernes": "-------",
    "sabado": "-------"
  },
  {
    "doctor": "Dr Francisco C. Soler",
    "especialidad": "Nefrologia",
    "sala": 150,
    "lunes": "-------",
    "martes": "09:30-11:30 hs",
    "miercoles": "-------",
    "jueves": "-------",
    "viernes": "-------",
    "sabado": "-------"
  },
  {
    "doctor": "Dra Lizzi Vera",
    "especialidad": "Nefrologia Infantil",
    "sala": 111,
    "lunes": "-------",
    "martes": "14:30-16:30 hs",
    "miercoles": "-------",
    "jueves": "07:00-11:30 hs",
    "viernes": "-------",
    "sabado": "-------"
  },
  {
    "doctor": "Dr Rodolfo Fretes",
    "especialidad": "Neumologia",
    "sala": 122,
    "lunes": "-------",
    "martes": "-------",
    "miercoles": "-------",
    "jueves": "-------",
    "viernes": "08:00-11:00 hs",
    "sabado": "-------"
  },
  {
    "doctor": "Dr Carlos Cuevas",
    "especialidad": "Neumologia",
    "sala": 149,
    "lunes": "-------",
    "martes": "-------",
    "miercoles": "09:00-11:00 hs",
    "jueves": "-------",
    "viernes": "14:00-17:00 hs",
    "sabado": "-------"
  },
  {
    "doctor": "Dr Diego Benitez Rojas",
    "especialidad": "Neumologia",
    "sala": 125,
    "lunes": "14:00-17:00 hs",
    "martes": "-------",
    "miercoles": "14:00-17:00 hs",
    "jueves": "-------",
    "viernes": "-------",
    "sabado": "-------"
  },
  {
    "doctor": "Dr Nelson Rojas",
    "especialidad": "Neumologia",
    "sala": 122,
    "lunes": "-------",
    "martes": "-------",
    "miercoles": "-------",
    "jueves": "-------",
    "viernes": "-------",
    "sabado": "07:00-11:00 hs"
  },
  {
    "doctor": "Dr Arsenio Martinez",
    "especialidad": "Neurocirugia",
    "sala": 130,
    "lunes": "-------",
    "martes": "-------",
    "miercoles": "-------",
    "jueves": "-------",
    "viernes": "17:00-18:30 hs",
    "sabado": "-------"
  },
  {
    "doctor": "Dr Carlos Villamayor",
    "especialidad": "Neurocirugia",
    "sala": 150,
    "lunes": "-------",
    "martes": "-------",
    "miercoles": "-------",
    "jueves": "07:30-09:00 hs",
    "viernes": "-------",
    "sabado": "-------"
  },
  {
    "doctor": "Dr Epifanio Cristaldo",
    "especialidad": "Neurocirugia",
    "sala": 150,
    "lunes": "07:00-10:00 hs",
    "martes": "-------",
    "miercoles": "07:00-10:00 hs",
    "jueves": "-------",
    "viernes": "-------",
    "sabado": "-------"
  },
  {
    "doctor": "Dr Ronaldo Zelada",
    "especialidad": "Neurocirugia",
    "sala": 150,
    "lunes": "13:30-17:00 hs",
    "martes": "-------",
    "miercoles": "13:30-17:00 hs",
    "jueves": "13:30-17:00 hs",
    "viernes": "08:00-11:00 hs",
    "sabado": "-------"
  },
  {
    "doctor": "Dra Maria Cristaldo",
    "especialidad": "Neurocirugia",
    "sala": 150,
    "lunes": "-------",
    "martes": "-------",
    "miercoles": "10:00-12:00 hs",
    "jueves": "-------",
    "viernes": "13:00-15:00 hs",
    "sabado": "-------"
  },
  {
    "doctor": "Dra Gloria Meza",
    "especialidad": "Neurologia",
    "sala": 141,
    "lunes": "-------",
    "martes": "08:00-10:30 hs",
    "miercoles": "-------",
    "jueves": "08:00-10:30 hs",
    "viernes": "-------",
    "sabado": "-------"
  },
  {
    "doctor": "Dra Lorena Peralta",
    "especialidad": "Neurologia",
    "sala": 141,
    "lunes": "08:00-11:00 hs",
    "martes": "-------",
    "miercoles": "-------",
    "jueves": "-------",
    "viernes": "08:00-11:30 hs",
    "sabado": "-------"
  },
  {
    "doctor": "Dra Lusmila Lezcano",
    "especialidad": "Neurologia Infantil",
    "sala": 113,
    "lunes": "07:00-10:30 hs",
    "martes": "-------",
    "miercoles": "-------",
    "jueves": "09:00-12:00 hs",
    "viernes": "-------",
    "sabado": "-------"
  },
  {
    "doctor": "Dr Enrique Barboza",
    "especialidad": "Oftalmologia",
    "sala": 146,
    "lunes": "-------",
    "martes": "07:00-10:30 hs",
    "miercoles": "-------",
    "jueves": "07:00-10:30 hs",
    "viernes": "-------",
    "sabado": "-------"
  },
  {
    "doctor": "Dr Francisco Agüero",
    "especialidad": "Oftalmologia",
    "sala": 151,
    "lunes": "07:30-11:00 hs",
    "martes": "13:00-17:30 hs",
    "miercoles": "07:30-11:00 hs",
    "jueves": "-------",
    "viernes": "-------",
    "sabado": "-------"
  },
  {
    "doctor": "Dr Luis Campos",
    "especialidad": "Oftalmologia",
    "sala": 149,
    "lunes": "-------",
    "martes": "-------",
    "miercoles": "-------",
    "jueves": "08:00-10:00 hs",
    "viernes": "-------",
    "sabado": "-------"
  },
  {
    "doctor": "Dra Laura Diaz",
    "especialidad": "Oftalmologia",
    "sala": 145,
    "lunes": "07:00-10:00 hs",
    "martes": "-------",
    "miercoles": "07:00-10:00 hs",
    "jueves": "-------",
    "viernes": "07:00-10:00 hs",
    "sabado": "-------"
  },
  {
    "doctor": "Dra Ursula Martinez",
    "especialidad": "Oftalmologia",
    "sala": 145,
    "lunes": "-------",
    "martes": "-------",
    "miercoles": "-------",
    "jueves": "07:00-11:00 hs",
    "viernes": "-------",
    "sabado": "-------"
  },
  {
    "doctor": "Dr Javier Barboza",
    "especialidad": "Oftalmologia",
    "sala": 146,
    "lunes": "-------",
    "martes": "-------",
    "miercoles": "-------",
    "jueves": "-------",
    "viernes": "-------",
    "sabado": "07:00-11:30 hs"
  },
  {
    "doctor": "Dr Emigdio Idoyaga",
    "especialidad": "Oncologia Clinica",
    "sala": 117,
    "lunes": "-------",
    "martes": "-------",
    "miercoles": "08:00-10:30 hs",
    "jueves": "-------",
    "viernes": "-------",
    "sabado": "-------"
  },
  {
    "doctor": "Dra Amada Andersen",
    "especialidad": "Oncologia Clinica",
    "sala": 118,
    "lunes": "-------",
    "martes": "-------",
    "miercoles": "-------",
    "jueves": "08:00-11:4 0 hs",
    "viernes": "-------",
    "sabado": "-------"
  },
  {
    "doctor": "Dr Rodrigo Gonzalez",
    "especialidad": "Otorrinolaringologia",
    "sala": 149,
    "lunes": "-------",
    "martes": "-------",
    "miercoles": "-------",
    "jueves": "-------",
    "viernes": "-------",
    "sabado": "08:00-10:00 hs"
  },
  {
    "doctor": "Dr Esteban Moreno",
    "especialidad": "Otorrinolaringologia",
    "sala": 148,
    "lunes": "-------",
    "martes": "-------",
    "miercoles": "-------",
    "jueves": "07:00-10:00 hs",
    "viernes": "-------",
    "sabado": "-------"
  },
  {
    "doctor": "Dr Hector Solis",
    "especialidad": "Otorrinolaringologia",
    "sala": 148,
    "lunes": "07:00-11:30 hs",
    "martes": "-------",
    "miercoles": "-------",
    "jueves": "-------",
    "viernes": "-------",
    "sabado": "-------"
  },
  {
    "doctor": "Dr Jose Lezcano",
    "especialidad": "Otorrinolaringologia",
    "sala": 148,
    "lunes": "-------",
    "martes": "-------",
    "miercoles": "-------",
    "jueves": "-------",
    "viernes": "08:00-11:00 hs",
    "sabado": "-------"
  },
  {
    "doctor": "Dr Julio Rojas Picco",
    "especialidad": "Otorrinolaringologia",
    "sala": 148,
    "lunes": "13:00-17:00 hs",
    "martes": "-------",
    "miercoles": "07:30-10:00 hs",
    "jueves": "-------",
    "viernes": "-------",
    "sabado": "-------"
  },
  {
    "doctor": "Dra Emilia Sandoval",
    "especialidad": "Otorrinolaringologia",
    "sala": 124,
    "lunes": "08:00-11:00 hs",
    "martes": "-------",
    "miercoles": "08:00-12:00 hs",
    "jueves": "-------",
    "viernes": "-------",
    "sabado": "-------"
  },
  {
    "doctor": "Dra Pelusa Ruiz Diaz",
    "especialidad": "Otorrinolaringologia",
    "sala": 148,
    "lunes": "-------",
    "martes": "-------",
    "miercoles": "11:00-13.00 hs",
    "jueves": "-------",
    "viernes": "-------",
    "sabado": "-------"
  },
  {
    "doctor": "Dr Juan Gimenez",
    "especialidad": "Pediatria",
    "sala": 112,
    "lunes": "07:00-09:00 hs",
    "martes": "07:00-10:00 hs",
    "miercoles": "07:00-10:00 hs",
    "jueves": "07:00-09:00 hs",
    "viernes": "-------",
    "sabado": "07:30-10:00 hs"
  },
  {
    "doctor": "Dra Maria Salomon",
    "especialidad": "Pediatria",
    "sala": 112,
    "lunes": "-------",
    "martes": "14:00-18:00 hs",
    "miercoles": "-------",
    "jueves": "14:30-17:00 hs",
    "viernes": "-------",
    "sabado": "-------"
  },
  {
    "doctor": "Dra Nilda Martinez",
    "especialidad": "Pediatria",
    "sala": 111,
    "lunes": "09:00\n13:15-12:00\n15:30 hs",
    "martes": "-------",
    "miercoles": "13:30-15:30 hs",
    "jueves": "-------",
    "viernes": "-------",
    "sabado": "-------"
  },
  {
    "doctor": "Dra Olinda Benitez",
    "especialidad": "Pediatria",
    "sala": 112,
    "lunes": "-------",
    "martes": "-------",
    "miercoles": "-------",
    "jueves": "-------",
    "viernes": "07:00-11:00 hs",
    "sabado": "-------"
  },
  {
    "doctor": "Dra Teresa Fernandez",
    "especialidad": "Pediatria",
    "sala": 111,
    "lunes": "-------",
    "martes": "-------",
    "miercoles": "-------",
    "jueves": "-------",
    "viernes": "13:00-17:00 hs",
    "sabado": "-------"
  },
  {
    "doctor": "Lic Sol Paez",
    "especialidad": "Podologia",
    "sala": 152,
    "lunes": "-------",
    "martes": "07:00-11:00 hs",
    "miercoles": "-------",
    "jueves": "-------",
    "viernes": "07:00-12:00 hs",
    "sabado": "-------"
  },
  {
    "doctor": "Lic Ariel Lopez",
    "especialidad": "Psicologia",
    "sala": 125,
    "lunes": "-------",
    "martes": "-------",
    "miercoles": "-------",
    "jueves": "-------",
    "viernes": "-------",
    "sabado": "15:00-19:00 hs"
  },
  {
    "doctor": "Lic Martha Britez",
    "especialidad": "Psicologia",
    "sala": 127,
    "lunes": "-------",
    "martes": "-------",
    "miercoles": "-------",
    "jueves": "13:00-18:00 hs",
    "viernes": "-------",
    "sabado": "-------"
  },
  {
    "doctor": "Lic Martha Britez",
    "especialidad": "Psicologia",
    "sala": 115,
    "lunes": "-------",
    "martes": "-------",
    "miercoles": "13:00-17:00 hs",
    "jueves": "-------",
    "viernes": "-------",
    "sabado": "-------"
  },
  {
    "doctor": "Dr Ruben Lopez",
    "especialidad": "Psiquiatria",
    "sala": 116,
    "lunes": "14:30-17:30 hs",
    "martes": "-------",
    "miercoles": "15:30-18:30 hs",
    "jueves": "-------",
    "viernes": "-------",
    "sabado": "09:00-12:00 hs"
  },
  {
    "doctor": "Dra Olivia Vian",
    "especialidad": "Psiquiatria",
    "sala": 116,
    "lunes": "-------",
    "martes": "-------",
    "miercoles": "-------",
    "jueves": "14:00-19:00 hs",
    "viernes": "14:00-17:00 hs",
    "sabado": "-------"
  },
  {
    "doctor": "Dra Lourdes Roman",
    "especialidad": "Reumatologia",
    "sala": 2,
    "lunes": "-------",
    "martes": "-------",
    "miercoles": "08:00-10:00 hs",
    "jueves": "-------",
    "viernes": "-------",
    "sabado": "-------"
  },
  {
    "doctor": "Dra Maria Teresa Chavez",
    "especialidad": "Reumatologia",
    "sala": 103,
    "lunes": "07:30-11:00 hs",
    "martes": "-------",
    "miercoles": "-------",
    "jueves": "-------",
    "viernes": "-------",
    "sabado": "-------"
  },
  {
    "doctor": "Dra Romina Glizt",
    "especialidad": "Reumatologia",
    "sala": 149,
    "lunes": "-------",
    "martes": "14:30-19:00 hs",
    "miercoles": "-------",
    "jueves": "07:30-11:40 hs",
    "viernes": "-------",
    "sabado": "-------"
  },
  {
    "doctor": "Dra Teresa Chavez",
    "especialidad": "Reumatologia",
    "sala": 103,
    "lunes": "-------",
    "martes": "-------",
    "miercoles": "-------",
    "jueves": "-------",
    "viernes": "07:30-11:00 hs",
    "sabado": "-------"
  },
  {
    "doctor": "Dr Cesar Salinas",
    "especialidad": "Traumatologia",
    "sala": 134,
    "lunes": "-------",
    "martes": "-------",
    "miercoles": "13:00-17:30 hs",
    "jueves": "-------",
    "viernes": "-------",
    "sabado": "-------"
  },
  {
    "doctor": "Dr Denis Dos Santos",
    "especialidad": "Traumatologia",
    "sala": 134,
    "lunes": "-------",
    "martes": "-------",
    "miercoles": "-------",
    "jueves": "-------",
    "viernes": "07:00-11:30 hs",
    "sabado": "-------"
  },
  {
    "doctor": "Dr Diego Gaona",
    "especialidad": "Traumatologia",
    "sala": 134,
    "lunes": "-------",
    "martes": "-------",
    "miercoles": "-------",
    "jueves": "07:00-11:00 hs",
    "viernes": "-------",
    "sabado": "-------"
  },
  {
    "doctor": "Dr Enrique Ferreira",
    "especialidad": "Traumatologia",
    "sala": 134,
    "lunes": "-------",
    "martes": "07:00-11:00 hs",
    "miercoles": "-------",
    "jueves": "-------",
    "viernes": "-------",
    "sabado": "-------"
  },
  {
    "doctor": "Dr Ever Da Silva",
    "especialidad": "Traumatologia",
    "sala": 129,
    "lunes": "-------",
    "martes": "07:00-11:00 hs",
    "miercoles": "-------",
    "jueves": "-------",
    "viernes": "-------",
    "sabado": "-------"
  },
  {
    "doctor": "Dr Oscar Martinez",
    "especialidad": "Traumatologia",
    "sala": 134,
    "lunes": "07:00-11:30 hs",
    "martes": "-------",
    "miercoles": "-------",
    "jueves": "-------",
    "viernes": "-------",
    "sabado": "-------"
  },
  {
    "doctor": "Dr Ramon Ayala",
    "especialidad": "Traumatologia",
    "sala": 134,
    "lunes": "-------",
    "martes": "-------",
    "miercoles": "08:00-12:00 hs",
    "jueves": "-------",
    "viernes": "-------",
    "sabado": "-------"
  },
  {
    "doctor": "Dr Ricardo Galeano",
    "especialidad": "Traumatologia",
    "sala": 129,
    "lunes": "07:00-11:30 hs",
    "martes": "-------",
    "miercoles": "07:00-11:30 hs",
    "jueves": "-------",
    "viernes": "-------",
    "sabado": "-------"
  },
  {
    "doctor": "Dr Ricardo Quintana",
    "especialidad": "Traumatologia",
    "sala": 129,
    "lunes": "-------",
    "martes": "-------",
    "miercoles": "-------",
    "jueves": "13:00-17:30 hs",
    "viernes": "-------",
    "sabado": "-------"
  },
  {
    "doctor": "Dra Adelaida Portillo",
    "especialidad": "Traumatologia",
    "sala": 129,
    "lunes": "-------",
    "martes": "-------",
    "miercoles": "-------",
    "jueves": "07:00-11:00 hs",
    "viernes": "-------",
    "sabado": "-------"
  },
  {
    "doctor": "Dra Irma Ozuna",
    "especialidad": "Traumatologia",
    "sala": 129,
    "lunes": "13:00-17:00 hs",
    "martes": "-------",
    "miercoles": "-------",
    "jueves": "-------",
    "viernes": "-------",
    "sabado": "-------"
  },
  {
    "doctor": "Dr Hugo Aguilar",
    "especialidad": "Traumatologia",
    "sala": 129,
    "lunes": "-------",
    "martes": "-------",
    "miercoles": "-------",
    "jueves": "-------",
    "viernes": "07:00-11:00 hs",
    "sabado": "-------"
  },
  {
    "doctor": "Dr Ivan Pereira",
    "especialidad": "Urologia",
    "sala": 130,
    "lunes": "-------",
    "martes": "-------",
    "miercoles": "14:00-16:00 hs",
    "jueves": "-------",
    "viernes": "-------",
    "sabado": "-------"
  },
  {
    "doctor": "Dr Carlos Villalba",
    "especialidad": "Urologia",
    "sala": 130,
    "lunes": "-------",
    "martes": "-------",
    "miercoles": "09:00-11:00 hs",
    "jueves": "-------",
    "viernes": "-------",
    "sabado": "-------"
  },
  {
    "doctor": "Dr Enzo Bartomeu",
    "especialidad": "Urologia",
    "sala": 130,
    "lunes": "-------",
    "martes": "-------",
    "miercoles": "-------",
    "jueves": "16:00-17:00 hs",
    "viernes": "-------",
    "sabado": "-------"
  },
  {
    "doctor": "Dr Fabio Cardozo",
    "especialidad": "Urologia",
    "sala": 122,
    "lunes": "-------",
    "martes": "-------",
    "miercoles": "-------",
    "jueves": "-------",
    "viernes": "14:00-17:00 hs",
    "sabado": "-------"
  },
  {
    "doctor": "Dr Jose Novais",
    "especialidad": "Urologia",
    "sala": 130,
    "lunes": "-------",
    "martes": "13:00-15:00 hs",
    "miercoles": "-------",
    "jueves": "-------",
    "viernes": "08:00-10:00 hs",
    "sabado": "-------"
  },
  {
    "doctor": "Dr Marcelo Gonzalez M.",
    "especialidad": "Urologia",
    "sala": 130,
    "lunes": "09:00-11:00 hs",
    "martes": "09:00-11:00 hs",
    "miercoles": "-------",
    "jueves": "-------",
    "viernes": "-------",
    "sabado": "-------"
  },
  {
    "doctor": "Dr Pedro Martinez",
    "especialidad": "Urologia",
    "sala": 130,
    "lunes": "14:00-17:00 hs",
    "martes": "-------",
    "miercoles": "-------",
    "jueves": "-------",
    "viernes": "-------",
    "sabado": "-------"
  }
]